ts,open,high,low,close,volume
1769066400,89948.2,89968.0,89947.8,89947.8,10.013
1769066460,89947.8,89947.8,89903.2,89905.0,24.698
1769066520,89905.0,89930.8,89904.9,89928.9,9.309
1769066580,89928.9,89928.9,89910.0,89912.1,6.415
1769066640,89912.1,89922.3,89889.0,89903.0,21.66
1769066700,89903.0,89903.0,89872.4,89880.4,23.935
1769066760,89880.4,89904.0,89880.4,89904.0,6.757
1769066820,89904.0,89942.1,89901.2,89941.9,29.893
1769066880,89941.9,89952.8,89938.9,89952.8,12.095
1769066940,89952.8,89957.3,89925.3,89925.3,6.366
1769067000,89925.3,89925.3,89857.0,89893.9,56.644
1769067060,89893.9,89917.1,89893.9,89900.1,9.916
1769067120,89900.1,89902.6,89864.1,89902.6,18.549
1769067180,89902.6,89921.6,89902.5,89914.0,6.616
1769067240,89914.0,89929.0,89914.0,89919.1,6.513
1769067300,89919.1,89926.8,89913.8,89924.8,11.552
1769067360,89924.8,89934.1,89913.8,89915.2,9.855
1769067420,89915.2,89918.3,89902.0,89913.7,15.204
1769067480,89913.7,89913.7,89902.0,89902.0,3.26
1769067540,89902.0,89907.8,89899.2,89902.9,14.468
1769067600,89902.9,89903.0,89881.2,89891.2,6.164
1769067660,89891.2,89947.0,89891.1,89946.6,24.469
1769067720,89946.6,89947.1,89946.5,89946.9,8.084
1769067780,89946.9,89946.9,89905.2,89934.0,7.214
1769067840,89934.0,89950.0,89870.0,89903.4,99.785
1769067900,89903.4,89907.6,89879.0,89893.3,12.732
1769067960,89893.3,89913.8,89865.1,89865.1,14.12
1769068020,89865.1,89885.1,89861.7,89877.9,4.12
1769068080,89877.9,89885.5,89877.9,89885.4,6.694
1769068140,89885.4,89912.2,89885.4,89899.9,4.915
1769068200,89899.9,89912.3,89866.1,89877.6,9.337
1769068260,89877.6,89878.6,89855.0,89871.5,10.837
1769068320,89871.5,89873.8,89863.9,89864.0,2.153
1769068380,89864.0,89864.0,89812.0,89812.1,97.907
1769068440,89812.1,89829.6,89805.5,89805.5,49.65
1769068500,89805.5,89813.0,89751.5,89794.1,168.513
1769068560,89794.1,89794.1,89757.0,89759.7,33.47
1769068620,89759.7,89794.5,89748.0,89758.0,149.759
1769068680,89758.0,89769.0,89747.0,89762.7,36.077
1769068740,89762.7,89784.6,89762.7,89772.6,10.814
1769068800,89772.6,89800.0,89772.6,89799.1,29.746
1769068860,89799.1,89849.9,89778.3,89806.4,100.704
1769068920,89806.4,89888.9,89806.4,89877.1,19.068
1769068980,89877.1,89894.4,89865.0,89885.2,24.31
1769069040,89885.2,89885.2,89859.6,89868.1,6.858
1769069100,89868.1,89888.5,89868.1,89888.5,8.331
1769069160,89888.5,89888.5,89876.7,89888.3,9.064
1769069220,89888.3,89925.8,89888.3,89908.1,43.413
1769069280,89908.1,89908.1,89894.1,89897.0,11.272
1769069340,89897.0,89920.0,89880.5,89880.5,28.29
1769069400,89880.5,89892.1,89864.7,89888.8,15.584
1769069460,89888.8,89888.8,89771.8,89774.4,19.555
1769069520,89774.4,89806.8,89762.5,89762.6,10.188
1769069580,89762.6,89767.8,89739.1,89747.0,13.554
1769069640,89747.0,89779.9,89722.0,89732.5,47.686
1769069700,89732.5,89761.0,89732.5,89740.0,20.212
1769069760,89740.0,89792.5,89701.9,89784.1,30.236
1769069820,89784.1,89865.0,89784.0,89857.5,25.147
1769069880,89857.5,89895.0,89857.5,89880.6,19.595
1769069940,89880.6,89895.0,89856.0,89864.1,19.423
1769070000,89864.1,89864.1,89864.0,89864.0,5.837
1769070060,89864.0,89869.4,89803.0,89869.4,25.717
1769070120,89869.4,89869.4,89805.7,89813.5,12.36
1769070180,89813.5,89838.4,89813.5,89837.8,9.651
1769070240,89837.8,89850.5,89828.0,89828.0,2.889
1769070300,89828.0,89840.0,89822.5,89822.6,3.233
1769070360,89822.6,89824.7,89811.5,89822.9,7.498
1769070420,89822.9,89895.0,89822.8,89890.2,20.419
1769070480,89890.2,89891.1,89867.6,89871.3,3.906
1769070540,89871.3,89871.3,89819.6,89824.7,10.428
1769070600,89824.7,89824.7,89788.9,89802.8,15.219
1769070660,89802.8,89802.9,89755.3,89764.1,20.093
1769070720,89764.1,89764.1,89746.5,89746.5,8.106
1769070780,89746.5,89778.9,89746.5,89771.8,9.507
1769070840,89771.8,89795.1,89760.1,89795.0,16.616
1769070900,89795.0,89810.1,89791.5,89795.0,15.326
1769070960,89795.0,89795.0,89761.0,89768.3,46.147
1769071020,89768.3,89775.0,89742.7,89743.1,4.552
1769071080,89743.1,89777.3,89743.0,89772.6,4.657
1769071140,89772.6,89817.6,89772.5,89817.5,7.368
1769071200,89817.5,89858.2,89815.0,89815.1,10.363
1769071260,89815.1,89815.1,89778.0,89797.8,11.148
1769071320,89797.8,89802.8,89792.5,89802.7,7.74
1769071380,89802.7,89802.8,89762.2,89762.2,5.207
1769071440,89762.2,89776.9,89762.2,89776.8,7.348
1769071500,89776.8,89776.9,89751.3,89772.2,9.717
1769071560,89772.2,89772.2,89758.1,89758.2,4.575
1769071620,89758.2,89800.0,89758.2,89778.0,8.911
1769071680,89778.0,89778.0,89750.9,89765.0,15.686
1769071740,89765.0,89782.9,89765.0,89779.8,3.485
1769071800,89779.8,89846.2,89779.8,89846.2,16.879
1769071860,89846.2,89850.0,89819.3,89849.9,12.154
1769071920,89849.9,89900.0,89849.9,89899.9,11.867
1769071980,89899.9,89907.7,89863.1,89867.4,20.301
1769072040,89867.4,89869.5,89847.0,89859.1,5.129
1769072100,89859.1,89908.0,89859.0,89896.8,10.752
1769072160,89896.8,89896.8,89856.6,89856.7,6.191
1769072220,89856.7,89856.7,89841.9,89848.1,9.495
1769072280,89848.1,89872.0,89848.1,89866.3,4.225
1769072340,89866.3,89872.0,89834.6,89872.0,11.297
1769072400,89872.0,89872.0,89841.1,89865.0,14.022
1769072460,89865.0,89879.1,89858.6,89870.3,5.922
1769072520,89870.3,89892.9,89849.0,89849.0,17.236
1769072580,89849.0,89865.1,89833.8,89864.5,19.648
1769072640,89864.5,89885.0,89855.4,89882.8,10.452
1769072700,89882.8,89899.2,89882.7,89899.2,5.523
1769072760,89899.2,89937.0,89899.1,89907.6,28.141
1769072820,89907.6,89948.0,89907.6,89947.9,8.563
1769072880,89947.9,89999.5,89942.4,89985.4,52.147
1769072940,89985.4,89985.4,89957.0,89957.0,12.677
1769073000,89957.0,89984.3,89951.5,89984.3,5.474
1769073060,89984.3,89996.3,89970.6,89996.3,9.015
1769073120,89996.3,90025.2,89996.2,90004.1,32.807
1769073180,90004.1,90004.2,89993.2,89993.2,5.527
1769073240,89993.2,89993.3,89993.2,89993.2,5.505
1769073300,89993.2,90035.9,89983.6,90027.9,37.768
1769073360,90027.9,90029.4,89989.0,90003.0,9.087
1769073420,90003.0,90010.5,89988.6,89988.6,11.27
1769073480,89988.6,89988.7,89914.7,89914.7,45.374
1769073540,89914.7,89946.8,89902.8,89946.7,13.544
1769073600,89946.7,89946.8,89934.3,89946.7,3.693
1769073660,89946.7,89967.8,89946.7,89960.6,10.289
1769073720,89960.6,89962.7,89950.0,89958.4,4.112
1769073780,89958.4,89968.0,89955.7,89956.3,3.647
1769073840,89956.3,89956.3,89956.2,89956.3,1.544
1769073900,89956.3,89956.3,89930.4,89934.1,13.069
1769073960,89934.1,89952.5,89930.9,89949.0,29.072
1769074020,89949.0,89979.0,89949.0,89979.0,16.302
1769074080,89979.0,89979.0,89927.8,89927.8,10.764
1769074140,89927.8,89948.0,89927.7,89947.9,6.28
1769074200,89947.9,89993.0,89947.9,89993.0,10.095
1769074260,89993.0,90000.0,89957.3,89957.3,23.303
1769074320,89957.3,89957.4,89907.0,89917.7,7.571
1769074380,89917.7,89949.9,89893.1,89920.9,15.839
1769074440,89920.9,89960.7,89920.8,89960.6,10.059
1769074500,89960.6,90031.9,89952.0,90031.9,12.717
1769074560,90031.9,90074.4,90013.7,90068.7,53.812
1769074620,90068.7,90068.8,90030.7,90042.3,20.571
1769074680,90042.3,90083.0,90042.2,90065.2,15.481
1769074740,90065.2,90065.2,90045.3,90054.0,10.325
1769074800,90054.0,90074.0,90054.0,90074.0,5.904
1769074860,90074.0,90074.0,90065.0,90065.0,7.773
1769074920,90065.0,90065.1,90042.5,90042.6,6.323
1769074980,90042.6,90080.0,90042.5,90080.0,30.941
1769075040,90080.0,90080.0,90057.4,90057.4,6.199
1769075100,90057.4,90071.4,90057.3,90060.3,3.287
1769075160,90060.3,90060.3,90034.3,90034.3,10.081
1769075220,90034.3,90066.6,90034.2,90056.5,21.793
1769075280,90056.5,90056.5,90027.8,90027.9,11.37
1769075340,90027.9,90071.5,90027.8,90068.6,22.635
1769075400,90068.6,90068.6,90055.8,90055.8,1.207
1769075460,90055.8,90067.9,90015.4,90015.4,9.563
1769075520,90015.4,90015.5,89999.1,89999.1,9.067
1769075580,89999.1,89999.4,89985.5,89985.5,2.915
1769075640,89985.5,90009.5,89979.9,90009.5,11.449
1769075700,90009.5,90009.5,89990.0,89990.1,2.919
1769075760,89990.1,89990.1,89975.9,89983.0,6.856
1769075820,89983.0,89985.6,89981.4,89981.5,2.679
1769075880,89981.5,89981.5,89972.7,89972.7,9.351
1769075940,89972.7,89988.8,89967.6,89988.8,6.187
1769076000,89988.8,90014.3,89983.0,89998.0,10.028
1769076060,89998.0,89998.0,89938.7,89953.4,10.544
1769076120,89953.4,89973.2,89929.0,89933.6,24.388
1769076180,89933.6,89943.7,89908.2,89930.0,14.556
1769076240,89930.0,89951.2,89909.1,89951.2,34.07
1769076300,89951.2,89951.2,89923.2,89939.6,12.313
1769076360,89939.6,89964.7,89909.9,89962.0,34.296
1769076420,89962.0,89975.3,89956.3,89975.2,12.503
1769076480,89975.2,89991.5,89969.0,89980.1,8.713
1769076540,89980.1,89992.0,89971.6,89991.7,11.038
1769076600,89991.7,90012.8,89991.6,90005.2,10.601
1769076660,90005.2,90014.1,89990.9,90005.1,9.695
1769076720,90005.1,90011.5,89942.2,89942.2,17.673
1769076780,89942.2,90004.7,89934.0,89991.5,28.363
1769076840,89991.5,90010.5,89969.8,89994.7,10.035
1769076900,89994.7,90007.5,89962.6,89962.7,17.805
1769076960,89962.7,89982.8,89925.2,89982.8,12.891
1769077020,89982.8,90017.7,89982.8,90009.2,13.33
1769077080,90009.2,90009.2,89968.3,89979.6,28.94
1769077140,89979.6,89996.3,89950.0,89953.8,8.817
1769077200,89953.8,89991.6,89945.9,89991.6,6.538
1769077260,89991.6,90054.8,89991.6,90015.2,70.53
1769077320,90015.2,90035.6,90004.3,90004.4,16.188
1769077380,90004.4,90030.2,90004.3,90008.3,9.607
1769077440,90008.3,90011.9,89985.8,89996.8,10.925
1769077500,89996.8,90028.9,89988.0,90010.5,11.764
1769077560,90010.5,90022.1,90005.5,90014.3,13.87
1769077620,90014.3,90014.4,89989.8,90001.4,11.012
1769077680,90001.4,90008.0,89986.6,90007.9,14.116
1769077740,90007.9,90007.9,89980.0,89980.1,6.18
1769077800,89980.1,90013.6,89965.4,90013.5,10.98
1769077860,90013.5,90013.6,89987.3,89987.4,7.011
1769077920,89987.4,90022.4,89963.2,90022.4,15.564
1769077980,90022.4,90022.4,89980.4,89995.9,6.903
1769078040,89995.9,90020.4,89960.0,90020.4,11.54
1769078100,90020.4,90025.6,89990.8,89991.7,42.109
1769078160,89991.7,90009.8,89991.7,90009.7,2.795
1769078220,90009.7,90009.8,89973.8,90004.2,5.447
1769078280,90004.2,90011.8,89995.1,90011.7,8.556
1769078340,90011.7,90011.7,89962.1,89979.5,17.666
1769078400,89979.5,89993.0,89979.4,89981.0,4.668
1769078460,89981.0,90000.0,89973.0,89973.1,5.409
1769078520,89973.1,89993.3,89973.0,89987.0,2.873
1769078580,89987.0,89993.3,89972.3,89982.7,7.532
1769078640,89982.7,90022.2,89979.9,89998.4,10.754
1769078700,89998.4,90017.8,89991.0,90017.7,7.178
1769078760,90017.7,90019.2,89991.0,89991.0,7.129
1769078820,89991.0,90026.0,89966.5,90025.9,9.491
1769078880,90025.9,90025.9,89996.2,90002.9,13.062
1769078940,90002.9,90012.3,90002.9,90009.1,2.767
1769079000,90009.1,90009.1,89998.0,90006.5,3.685
1769079060,90006.5,90025.9,90000.0,90025.8,7.88
1769079120,90025.8,90026.0,90014.1,90014.2,4.903
1769079180,90014.2,90045.1,90010.6,90045.1,9.241
1769079240,90045.1,90072.0,90045.1,90062.2,15.201
1769079300,90062.2,90062.3,90023.2,90023.3,7.056
1769079360,90023.3,90040.0,90023.2,90039.9,7.921
1769079420,90039.9,90050.0,90032.9,90034.3,20.447
1769079480,90034.3,90048.9,90034.3,90043.2,5.787
1769079540,90043.2,90052.3,90023.7,90023.7,7.601
1769079600,90023.7,90023.7,89990.8,90006.7,17.326
1769079660,90006.7,90006.7,90006.6,90006.7,3.104
1769079720,90006.7,90037.6,90006.6,90037.6,14.243
1769079780,90037.6,90037.6,90037.5,90037.5,2.159
1769079840,90037.5,90037.6,89982.7,89999.1,25.862
1769079900,89999.1,90045.0,89999.0,90020.2,14.193
1769079960,90020.2,90021.6,89992.4,89992.5,5.866
1769080020,89992.5,89997.1,89988.3,89996.9,3.324
1769080080,89996.9,90036.1,89996.9,90015.8,16.033
1769080140,90015.8,90043.0,90015.7,90043.0,2.395
1769080200,90043.0,90084.0,90034.9,90083.9,10.729
1769080260,90083.9,90100.0,90070.6,90088.9,27.993
1769080320,90088.9,90088.9,90034.6,90034.7,30.182
1769080380,90034.7,90034.7,89895.7,89895.8,72.498
1769080440,89895.8,89945.5,89884.4,89941.9,30.184
1769080500,89941.9,89941.9,89898.9,89905.5,17.145
1769080560,89905.5,89969.9,89884.7,89969.9,20.551
1769080620,89969.9,89979.1,89922.9,89960.4,32.765
1769080680,89960.4,89986.5,89946.9,89986.4,12.552
1769080740,89986.4,89986.4,89958.6,89973.4,10.731
1769080800,89973.4,89989.5,89958.6,89989.0,8.184
1769080860,89989.0,89989.0,89903.4,89903.4,12.997
1769080920,89903.4,89918.0,89903.4,89916.6,11.442
1769080980,89916.6,89947.7,89916.6,89925.3,17.516
1769081040,89925.3,89941.3,89905.6,89926.7,37.665
1769081100,89926.7,89937.6,89859.3,89903.9,27.7
1769081160,89903.9,89903.9,89861.2,89861.3,8.178
1769081220,89861.3,89898.5,89860.6,89898.4,16.142
1769081280,89898.4,89930.9,89898.4,89903.2,8.142
1769081340,89903.2,89903.3,89898.7,89898.7,2.181
1769081400,89898.7,89941.4,89894.2,89941.4,16.031
1769081460,89941.4,89972.4,89910.0,89933.3,40.456
1769081520,89933.3,89975.7,89933.3,89963.1,9.287
1769081580,89963.1,89965.0,89942.2,89942.3,5.729
1769081640,89942.3,89975.7,89942.3,89971.4,6.856
1769081700,89971.4,89976.6,89865.0,89870.8,24.524
1769081760,89870.8,89896.2,89860.0,89879.0,21.487
1769081820,89879.0,89921.0,89873.8,89900.9,6.265
1769081880,89900.9,89912.0,89882.2,89882.3,9.704
1769081940,89882.3,89909.5,89882.2,89909.0,15.747
1769082000,89909.0,89918.1,89882.7,89884.1,51.491
1769082060,89884.1,89906.3,89882.8,89882.9,8.884
1769082120,89882.9,89901.6,89850.0,89872.0,29.559
1769082180,89872.0,89947.2,89855.5,89947.2,22.587
1769082240,89947.2,89991.1,89931.3,89934.5,22.362
1769082300,89934.5,89985.2,89924.2,89977.6,12.46
1769082360,89977.6,89991.6,89964.0,89991.6,13.676
1769082420,89991.6,90032.2,89991.5,90032.2,28.254
1769082480,90032.2,90038.0,89996.9,90024.2,31.148
1769082540,90024.2,90032.3,89996.9,90010.5,11.08
1769082600,90010.5,90037.1,90010.5,90029.1,6.43
1769082660,90029.1,90029.1,89962.2,89973.5,22.179
1769082720,89973.5,89973.5,89924.3,89924.4,12.562
1769082780,89924.4,89924.4,89858.2,89884.8,25.836
1769082840,89884.8,89904.3,89864.4,89868.9,19.102
1769082900,89868.9,89895.7,89868.9,89895.7,9.448
1769082960,89895.7,89895.7,89886.9,89886.9,3.71
1769083020,89886.9,89901.3,89886.9,89901.3,4.779
1769083080,89901.3,89901.3,89892.2,89892.2,6.831
1769083140,89892.2,89911.7,89889.9,89895.0,34.086
1769083200,89895.0,89919.4,89858.2,89871.3,43.462
1769083260,89871.3,89888.0,89860.0,89867.3,15.916
1769083320,89867.3,89867.3,89822.9,89822.9,16.655
1769083380,89822.9,89921.8,89822.9,89921.8,22.222
1769083440,89921.8,89946.2,89897.3,89939.8,9.688
1769083500,89939.8,89942.8,89910.0,89926.4,22.684
1769083560,89926.4,89984.2,89926.4,89984.2,6.565
1769083620,89984.2,90000.0,89968.6,89968.7,15.664
1769083680,89968.7,89995.8,89968.6,89982.7,16.367
1769083740,89982.7,90000.0,89979.6,89991.5,10.265
1769083800,89991.5,89999.0,89964.2,89999.0,10.663
1769083860,89999.0,90000.0,89942.3,89945.9,15.469
1769083920,89945.9,89950.0,89918.5,89949.9,11.596
1769083980,89949.9,89958.9,89949.9,89958.9,4.441
1769084040,89958.9,89958.9,89958.8,89958.9,0.51
1769084100,89958.9,90000.0,89943.2,89991.0,8.774
1769084160,89991.0,89999.0,89982.0,89989.9,3.154
1769084220,89989.9,89989.9,89945.6,89945.7,9.039
1769084280,89945.7,89964.8,89936.9,89944.1,7.599
1769084340,89944.1,89958.2,89944.1,89957.7,0.948
1769084400,89957.7,89969.3,89957.6,89969.3,1.267
1769084460,89969.3,89991.0,89965.3,89974.5,6.167
1769084520,89974.5,89982.5,89964.0,89980.9,13.052
1769084580,89980.9,89980.9,89955.8,89956.2,4.241
1769084640,89956.2,89963.0,89932.4,89959.7,18.285
1769084700,89959.7,89959.7,89931.9,89932.0,6.146
1769084760,89932.0,89957.4,89931.9,89953.5,7.5
1769084820,89953.5,89953.6,89950.0,89950.9,0.794
1769084880,89950.9,89979.3,89950.9,89970.4,13.976
1769084940,89970.4,89982.4,89970.3,89975.0,21.422
1769085000,89975.0,89986.6,89975.0,89979.3,9.145
1769085060,89979.3,89986.7,89952.5,89986.7,12.504
1769085120,89986.7,90019.9,89986.6,89996.8,12.061
1769085180,89996.8,90040.9,89996.7,90021.6,24.803
1769085240,90021.6,90044.7,90008.3,90008.4,12.909
1769085300,90008.4,90009.5,89988.9,89989.0,3.95
1769085360,89989.0,90024.1,89988.9,89994.4,11.862
1769085420,89994.4,90041.4,89989.0,90041.4,10.861
1769085480,90041.4,90061.0,89994.4,89994.5,18.22
1769085540,89994.5,89994.5,89969.6,89982.8,8.843
1769085600,89982.8,89990.7,89952.6,89979.7,34.992
1769085660,89979.7,89979.7,89935.2,89950.0,16.973
1769085720,89950.0,89974.9,89950.0,89969.4,7.482
1769085780,89969.4,89995.0,89968.1,89995.0,3.919
1769085840,89995.0,89995.0,89982.3,89982.4,5.8
1769085900,89982.4,89994.9,89961.6,89994.9,20.204
1769085960,89994.9,90008.8,89973.4,89973.4,11.431
1769086020,89973.4,90001.9,89970.6,89996.0,5.802
1769086080,89996.0,89996.0,89966.5,89986.6,16.193
1769086140,89986.6,90001.9,89982.9,90001.8,2.327
1769086200,90001.8,90012.6,89995.1,89995.1,8.18
1769086260,89995.1,90008.6,89966.4,89966.4,5.998
1769086320,89966.4,89972.9,89935.0,89972.8,18.011
1769086380,89972.8,89982.7,89950.1,89950.1,8.335
1769086440,89950.1,89958.0,89930.1,89955.0,6.503
1769086500,89955.0,89967.1,89945.4,89965.0,3.785
1769086560,89965.0,89965.0,89964.9,89964.9,0.626
1769086620,89964.9,89975.1,89952.4,89975.1,19.81
1769086680,89975.1,90000.0,89975.0,89994.1,8.02
1769086740,89994.1,89994.1,89968.5,89968.6,10.233
1769086800,89968.6,89994.2,89968.5,89994.2,11.937
1769086860,89994.2,90007.2,89970.9,89992.6,18.14
1769086920,89992.6,89997.8,89974.9,89997.8,6.393
1769086980,89997.8,89997.8,89953.3,89953.3,22.102
1769087040,89953.3,90007.2,89953.3,90007.2,32.09
1769087100,90007.2,90007.3,89976.5,89976.5,12.675
1769087160,89976.5,90002.6,89976.5,90002.6,14.409
1769087220,90002.6,90016.1,89985.6,89985.6,10.667
1769087280,89985.6,90006.3,89982.7,90006.2,3.489
1769087340,90006.2,90006.2,89942.9,89942.9,10.654
1769087400,89942.9,89973.5,89942.9,89973.4,12.475
1769087460,89973.4,89973.5,89959.3,89973.5,5.462
1769087520,89973.5,89987.8,89960.6,89987.7,11.107
1769087580,89987.7,90018.4,89987.7,90007.8,17.919
1769087640,90007.8,90007.9,90007.7,90007.7,5.884
1769087700,90007.7,90052.7,90007.7,90052.7,29.999
1769087760,90052.7,90060.1,90033.3,90060.1,19.377
1769087820,90060.1,90064.0,90008.0,90053.4,27.206
1769087880,90053.4,90053.4,90019.5,90035.3,6.142
1769087940,90035.3,90035.4,90007.8,90019.3,11.214
1769088000,90019.3,90047.9,90019.3,90025.2,9.567
1769088060,90025.2,90050.8,90025.1,90050.8,7.309
1769088120,90050.8,90054.5,90046.8,90046.9,3.71
1769088180,90046.9,90060.0,90044.0,90047.3,21.097
1769088240,90047.3,90082.8,90047.3,90070.1,19.896
1769088300,90070.1,90099.0,90070.1,90098.9,28.462
1769088360,90098.9,90129.8,90071.7,90090.0,355.961
1769088420,90090.0,90094.0,90067.5,90089.4,52.3
1769088480,90089.4,90149.0,90089.4,90146.1,67.995
1769088540,90146.1,90146.2,90134.0,90134.1,47.113
1769088600,90134.1,90296.8,90076.0,90255.2,511.16
1769088660,90255.2,90255.2,90050.0,90050.0,143.873
1769088720,90050.0,90085.4,89990.0,90009.6,145.252
1769088780,90009.6,90015.5,89855.0,89870.4,309.682
1769088840,89870.4,89950.2,89870.3,89919.0,103.19
1769088900,89919.0,89927.3,89889.0,89907.8,38.61
1769088960,89907.8,89907.8,89689.5,89701.2,226.933
1769089020,89701.2,89829.7,89691.8,89788.2,89.509
1769089080,89788.2,89825.5,89757.2,89787.1,50.608
1769089140,89787.1,89829.7,89787.1,89821.1,55.574
1769089200,89821.1,89821.1,89535.0,89662.1,268.849
1769089260,89662.1,89716.6,89614.9,89648.4,215.342
1769089320,89648.4,89666.6,89558.2,89569.8,137.109
1769089380,89569.8,89594.7,89502.6,89540.3,208.772
1769089440,89540.3,89591.0,89507.2,89583.3,61.221
1769089500,89583.3,89636.2,89575.4,89606.7,95.06
1769089560,89606.7,89640.1,89592.4,89596.1,36.758
1769089620,89596.1,89685.5,89584.8,89612.7,110.813
1769089680,89612.7,89636.3,89550.0,89566.1,44.295
1769089740,89566.1,89620.1,89566.0,89610.8,51.997
1769089800,89610.8,89622.2,89550.0,89589.9,107.517
1769089860,89589.9,89595.0,89545.4,89567.7,61.416
1769089920,89567.7,89587.9,89522.0,89522.0,49.732
1769089980,89522.0,89522.1,89432.5,89475.8,190.109
1769090040,89475.8,89550.0,89467.8,89501.9,60.265
1769090100,89501.9,89563.6,89496.0,89563.6,37.628
1769090160,89563.6,89611.1,89563.6,89588.3,76.156
1769090220,89588.3,89625.4,89588.2,89600.1,44.83
1769090280,89600.1,89600.1,89538.6,89556.1,107.48
1769090340,89556.1,89581.7,89552.8,89563.9,16.452
1769090400,89563.9,89586.5,89528.6,89530.8,35.458
1769090460,89530.8,89530.9,89500.0,89510.3,36.907
1769090520,89510.3,89510.4,89365.3,89502.4,146.064
1769090580,89502.4,89522.6,89425.9,89471.5,64.607
1769090640,89471.5,89538.7,89471.4,89533.7,21.56
1769090700,89533.7,89538.2,89467.0,89525.6,53.029
1769090760,89525.6,89525.6,89472.3,89472.3,27.367
1769090820,89472.3,89519.3,89472.3,89509.5,25.387
1769090880,89509.5,89509.6,89451.2,89478.4,38.56
1769090940,89478.4,89500.5,89455.9,89481.3,50.844
1769091000,89481.3,89499.5,89449.7,89484.3,21.536
1769091060,89484.3,89543.2,89484.2,89526.7,18.34
1769091120,89526.7,89607.1,89512.1,89606.9,65.05
1769091180,89606.9,89624.2,89562.4,89569.1,39.484
1769091240,89569.1,89656.1,89564.1,89652.4,69.87
1769091300,89652.4,89656.6,89585.5,89635.6,48.877
1769091360,89635.6,89640.5,89596.2,89600.1,32.003
1769091420,89600.1,89631.0,89595.3,89595.3,52.534
1769091480,89595.3,89627.9,89580.9,89623.7,20.032
1769091540,89623.7,89639.0,89566.9,89566.9,27.453
1769091600,89566.9,89569.5,89467.3,89507.0,28.039
1769091660,89507.0,89518.7,89406.3,89439.9,47.845
1769091720,89439.9,89451.0,89415.6,89415.6,35.186
1769091780,89415.6,89430.0,89303.7,89388.0,128.821
1769091840,89388.0,89443.9,89364.5,89375.5,93.875
1769091900,89375.5,89479.9,89375.5,89469.0,207.649
1769091960,89469.0,89527.8,89461.7,89525.4,97.441
1769092020,89525.4,89548.5,89500.5,89511.7,21.683
1769092080,89511.7,89518.1,89495.5,89495.6,14.657
1769092140,89495.6,89547.8,89495.5,89535.1,12.407
1769092200,89535.1,89600.0,89499.9,89575.8,93.998
1769092260,89575.8,89575.9,89455.8,89520.4,167.52
1769092320,89520.4,89526.9,89404.8,89477.9,217.074
1769092380,89477.9,89515.7,89400.0,89460.1,69.835
1769092440,89460.1,89573.6,89438.1,89438.1,138.835
1769092500,89438.1,89489.0,89178.6,89212.0,591.992
1769092560,89212.0,89286.2,89101.9,89179.2,276.019
1769092620,89179.2,89385.9,89118.4,89380.0,210.284
1769092680,89380.0,89659.5,89353.4,89637.4,585.062
1769092740,89637.4,89700.0,89552.2,89563.8,257.631
1769092800,89563.8,89687.7,89563.8,89616.5,176.061
1769092860,89616.5,89685.4,89489.1,89489.1,105.511
1769092920,89489.1,89528.8,89429.0,89507.9,125.104
1769092980,89507.9,89539.3,89371.1,89371.2,224.495
1769093040,89371.2,89452.6,89312.2,89449.2,163.94
1769093100,89449.2,89470.0,89257.0,89300.5,147.55
1769093160,89300.5,89300.5,89145.4,89219.5,174.985
1769093220,89219.5,89237.6,89080.1,89229.8,307.559
1769093280,89229.8,89229.8,89055.1,89156.8,204.411
1769093340,89156.8,89180.9,89013.0,89064.4,166.476
1769093400,89064.4,89152.9,89000.0,89127.4,343.568
1769093460,89127.4,89352.1,89127.3,89300.1,187.205
1769093520,89300.1,89380.9,89278.0,89304.2,206.139
1769093580,89304.2,89355.0,89216.1,89344.7,64.602
1769093640,89344.7,89361.5,89290.0,89342.7,48.544
1769093700,89342.7,89354.5,89212.6,89212.7,66.448
1769093760,89212.7,89230.0,89121.8,89121.8,252.923
1769093820,89121.8,89214.0,89100.0,89100.1,68.833
1769093880,89100.1,89193.9,89088.4,89193.9,45.857
1769093940,89193.9,89193.9,89003.7,89027.6,428.137
1769094000,89027.6,89157.8,88932.7,89141.3,547.532
1769094060,89141.3,89250.0,89118.3,89178.5,196.382
1769094120,89178.5,89178.5,89032.4,89038.5,52.237
1769094180,89038.5,89200.0,89030.0,89200.0,272.576
1769094240,89200.0,89271.7,89165.7,89266.3,345.077
1769094300,89266.3,89266.4,89124.4,89188.1,70.608
1769094360,89188.1,89219.5,89092.1,89163.3,55.194
1769094420,89163.3,89163.3,89030.1,89143.2,64.793
1769094480,89143.2,89262.0,89141.2,89245.5,80.265
1769094540,89245.5,89248.6,89105.2,89222.9,105.825
1769094600,89222.9,89335.0,89213.8,89269.5,77.462
1769094660,89269.5,89312.9,89078.6,89116.3,45.171
1769094720,89116.3,89250.2,89071.1,89221.0,67.264
1769094780,89221.0,89311.0,89193.4,89279.6,28.324
1769094840,89279.6,89312.2,89159.1,89216.9,38.569
1769094900,89216.9,89301.5,89205.0,89247.2,52.9
1769094960,89247.2,89325.6,89186.8,89213.0,50.987
1769095020,89213.0,89213.6,89102.1,89131.7,82.926
1769095080,89131.7,89137.8,89088.7,89109.9,43.238
1769095140,89109.9,89188.3,89109.9,89155.2,22.145
1769095200,89155.2,89172.2,89088.0,89133.9,38.519
1769095260,89133.9,89203.7,89103.7,89113.7,126.924
1769095320,89113.7,89291.8,89105.5,89200.1,66.905
1769095380,89200.1,89222.8,89114.9,89120.7,75.275
1769095440,89120.7,89133.5,88760.0,88795.0,690.844
1769095500,88795.0,88887.3,88703.3,88836.1,465.213
1769095560,88836.1,88848.2,88639.0,88721.7,335.543
1769095620,88721.7,88844.5,88700.0,88714.3,126.06
1769095680,88714.3,88762.2,88588.0,88633.8,282.333
1769095740,88633.8,88758.4,88559.4,88614.7,206.467
1769095800,88614.7,88722.1,88486.3,88687.1,753.499
1769095860,88687.1,88712.6,88518.8,88560.7,269.065
1769095920,88560.7,88592.8,88462.3,88521.6,209.832
1769095980,88521.6,88623.8,88484.2,88607.2,248.556
1769096040,88607.2,88717.4,88607.2,88647.0,164.439
1769096100,88647.0,88831.2,88647.0,88793.3,220.049
1769096160,88793.3,88872.1,88772.1,88772.1,70.828
1769096220,88772.1,88855.5,88694.2,88853.5,58.26
1769096280,88853.5,88853.5,88779.7,88833.0,44.582
1769096340,88833.0,88881.1,88797.9,88797.9,80.799
1769096400,88797.9,88817.8,88738.8,88782.1,24.271
1769096460,88782.1,88888.0,88765.1,88887.9,67.843
1769096520,88887.9,88942.3,88862.0,88907.0,100.649
1769096580,88907.0,88977.1,88891.0,88952.0,58.023
1769096640,88952.0,89135.3,88952.0,89101.8,275.085
1769096700,89101.8,89282.1,89041.5,89271.8,195.787
1769096760,89271.8,89418.4,89206.9,89221.9,257.157
1769096820,89221.9,89330.0,89199.8,89257.0,230.758
1769096880,89257.0,89257.0,89104.0,89104.0,79.836
1769096940,89104.0,89158.6,89057.5,89127.7,84.63
1769097000,89127.7,89220.1,89090.6,89189.6,65.124
1769097060,89189.6,89193.9,89041.7,89053.8,57.238
1769097120,89053.8,89109.9,88989.8,89051.6,81.133
1769097180,89051.6,89084.0,89015.1,89028.1,23.77
1769097240,89028.1,89061.8,88895.2,88897.2,63.366
1769097300,88897.2,88997.4,88890.0,88997.4,53.977
1769097360,88997.4,89017.6,88910.6,88972.8,62.373
1769097420,88972.8,88972.8,88915.0,88925.6,40.488
1769097480,88925.6,88991.0,88891.5,88986.3,53.492
1769097540,88986.3,89010.0,88945.4,88945.4,41.394
1769097600,88945.4,89063.0,88945.4,89015.8,44.454
1769097660,89015.8,89138.7,88994.1,89089.0,144.728
1769097720,89089.0,89176.5,88996.0,89031.8,140.038
1769097780,89031.8,89096.4,88990.3,89096.4,49.98
1769097840,89096.4,89122.6,89038.1,89053.1,25.794
1769097900,89053.1,89076.6,88945.4,88996.0,53.284
1769097960,88996.0,89031.9,88962.7,89030.3,86.175
1769098020,89030.3,89054.9,88888.0,88930.8,75.341
1769098080,88930.8,88957.6,88799.9,88875.0,259.946
1769098140,88875.0,88875.0,88780.5,88863.4,62.708
1769098200,88863.4,88925.8,88791.2,88849.6,73.539
1769098260,88849.6,88849.7,88719.0,88740.4,90.927
1769098320,88740.4,88901.3,88705.0,88896.2,230.614
1769098380,88896.2,88896.2,88739.2,88780.0,57.512
1769098440,88780.0,88803.0,88703.9,88794.0,59.399
1769098500,88794.0,88837.4,88732.3,88821.4,40.978
1769098560,88821.4,88830.0,88736.3,88758.9,56.526
1769098620,88758.9,88777.2,88654.4,88657.8,74.361
1769098680,88657.8,88736.3,88621.0,88656.0,61.546
1769098740,88656.0,88715.1,88650.1,88711.4,42.066
1769098800,88711.4,88756.9,88669.3,88701.5,25.504
1769098860,88701.5,88776.0,88675.8,88752.0,35.203
1769098920,88752.0,89110.9,88734.2,89059.3,257.988
1769098980,89059.3,89124.0,89000.7,89032.1,97.025
1769099040,89032.1,89133.0,88984.0,89052.7,124.04
1769099100,89052.7,89154.3,89027.0,89027.0,51.585
1769099160,89027.0,89063.4,88983.8,89054.1,34.86
1769099220,89054.1,89103.4,89028.0,89028.1,47.649
1769099280,89028.1,89113.7,89013.9,89014.0,33.918
1769099340,89014.0,89028.1,88908.5,88950.4,47.834
1769099400,88950.4,89072.6,88933.4,89072.5,106.234
1769099460,89072.5,89100.7,88990.8,89001.5,130.533
1769099520,89001.5,89055.5,88888.0,88888.1,66.56
1769099580,88888.1,88930.2,88766.2,88767.8,81.569
1769099640,88767.8,88824.2,88761.0,88771.6,70.935
1769099700,88771.6,88785.2,88717.0,88775.1,81.831
1769099760,88775.1,88877.8,88753.3,88762.5,44.645
1769099820,88762.5,88876.8,88734.9,88876.8,32.347
1769099880,88876.8,88999.7,88872.4,88929.4,141.603
1769099940,88929.4,88954.1,88845.0,88854.1,117.384
1769100000,88854.1,88864.1,88794.9,88833.1,49.828
1769100060,88833.1,88870.0,88742.7,88826.7,66.703
1769100120,88826.7,88898.4,88822.8,88889.0,31.895
1769100180,88889.0,88915.0,88884.0,88890.5,32.375
1769100240,88890.5,88932.6,88888.5,88921.5,28.151
1769100300,88921.5,89020.3,88921.4,89002.6,64.966
1769100360,89002.6,89027.4,88967.1,88980.6,16.069
1769100420,88980.6,89108.7,88966.0,89108.7,55.076
1769100480,89108.7,89223.3,89101.3,89128.5,150.021
1769100540,89128.5,89129.0,89055.3,89061.3,26.959
1769100600,89061.3,89077.9,88994.7,89047.4,48.631
1769100660,89047.4,89079.7,89011.1,89077.9,11.771
1769100720,89077.9,89103.0,89028.6,89030.2,30.463
1769100780,89030.2,89030.2,88894.8,88928.6,50.223
1769100840,88928.6,88965.0,88885.0,88965.0,26.926
1769100900,88965.0,88974.0,88895.6,88895.6,18.655
1769100960,88895.6,88927.1,88842.4,88869.4,58.122
1769101020,88869.4,88994.5,88867.9,88961.9,39.861
1769101080,88961.9,89000.4,88921.1,88924.6,35.647
1769101140,88924.6,89009.0,88918.3,88997.1,25.041
1769101200,88997.1,89072.8,88964.0,88964.0,41.592
1769101260,88964.0,89134.0,88963.3,89130.0,39.125
1769101320,89130.0,89139.7,89063.9,89100.2,21.418
1769101380,89100.2,89194.4,89100.2,89113.0,79.071
1769101440,89113.0,89138.1,89067.2,89136.6,23.487
1769101500,89136.6,89190.2,89104.0,89164.3,26.658
1769101560,89164.3,89192.1,89115.8,89143.8,45.578
1769101620,89143.8,89166.7,89097.5,89152.2,27.129
1769101680,89152.2,89319.5,89152.2,89269.4,175.454
1769101740,89269.4,89315.2,89227.9,89303.0,61.891
1769101800,89303.0,89395.4,89267.6,89363.7,124.806
1769101860,89363.7,89379.5,89296.7,89301.3,67.971
1769101920,89301.3,89316.0,89153.4,89183.5,165.896
1769101980,89183.5,89289.1,89179.5,89244.7,58.892
1769102040,89244.7,89252.9,89157.9,89185.4,28.672
1769102100,89185.4,89252.8,89148.8,89201.1,59.52
1769102160,89201.1,89293.3,89195.9,89265.8,16.038
1769102220,89265.8,89306.0,89212.1,89253.6,54.561
1769102280,89253.6,89357.4,89217.5,89270.9,87.686
1769102340,89270.9,89275.0,89230.4,89274.3,36.211
1769102400,89274.3,89383.9,89268.1,89361.6,120.05
1769102460,89361.6,89381.8,89252.4,89260.6,73.857
1769102520,89260.6,89288.2,89226.0,89275.9,76.743
1769102580,89275.9,89300.0,89212.0,89212.0,31.961
1769102640,89212.0,89281.2,89189.7,89254.2,32.138
1769102700,89254.2,89256.9,89112.6,89127.1,41.229
1769102760,89127.1,89157.2,89081.8,89156.1,38.462
1769102820,89156.1,89156.1,89080.0,89091.0,32.654
1769102880,89091.0,89103.1,89007.9,89095.1,52.559
1769102940,89095.1,89121.7,89072.0,89106.6,13.243
1769103000,89106.6,89170.4,89100.0,89104.6,77.087
1769103060,89104.6,89165.9,89081.4,89086.9,15.336
1769103120,89086.9,89211.6,89085.5,89174.7,10.87
1769103180,89174.7,89250.2,89174.2,89200.5,31.235
1769103240,89200.5,89200.5,89130.5,89133.5,12.97
1769103300,89133.5,89171.0,89107.8,89107.8,20.886
1769103360,89107.8,89116.3,89035.9,89094.8,13.451
1769103420,89094.8,89129.9,89073.1,89109.5,76.236
1769103480,89109.5,89150.3,89082.8,89091.1,12.5
1769103540,89091.1,89100.7,89050.0,89050.1,6.139
1769103600,89050.1,89137.5,89032.0,89088.8,31.091
1769103660,89088.8,89099.9,89053.0,89073.1,9.199
1769103720,89073.1,89173.7,89067.0,89153.2,19.878
1769103780,89153.2,89179.0,89127.5,89131.3,12.049
1769103840,89131.3,89187.4,89109.5,89179.1,7.605
1769103900,89179.1,89264.4,89179.1,89264.4,37.397
1769103960,89264.4,89437.8,89264.4,89436.9,141.621
1769104020,89436.9,89480.3,89389.9,89398.7,96.155
1769104080,89398.7,89427.4,89370.3,89389.3,38.466
1769104140,89389.3,89411.8,89371.3,89371.3,24.01
1769104200,89371.3,89449.9,89371.3,89434.2,25.206
1769104260,89434.2,89487.9,89396.4,89454.8,29.37
1769104320,89454.8,89470.2,89373.3,89416.1,37.044
1769104380,89416.1,89445.2,89396.3,89406.3,13.02
1769104440,89406.3,89473.3,89393.4,89460.0,20.467
1769104500,89460.0,89460.0,89409.7,89409.7,16.637
1769104560,89409.7,89452.2,89384.8,89452.2,11.214
1769104620,89452.2,89497.0,89451.0,89497.0,15.105
1769104680,89497.0,89521.1,89460.2,89514.8,62.729
1769104740,89514.8,89580.0,89500.0,89500.0,98.304
1769104800,89500.0,89527.8,89464.1,89508.1,40.671
1769104860,89508.1,89508.1,89453.4,89460.0,27.29
1769104920,89460.0,89473.5,89385.8,89407.5,63.499
1769104980,89407.5,89440.8,89335.5,89370.0,178.935
1769105040,89370.0,89397.2,89329.7,89337.8,21.045
1769105100,89337.8,89444.3,89337.8,89444.3,15.756
1769105160,89444.3,89444.4,89389.1,89433.0,9.386
1769105220,89433.0,89481.9,89398.2,89477.4,23.495
1769105280,89477.4,89570.0,89477.4,89531.0,58.095
1769105340,89531.0,89555.0,89470.4,89470.5,20.173
1769105400,89470.5,89517.2,89441.0,89441.0,19.693
1769105460,89441.0,89513.1,89405.5,89499.0,15.689
1769105520,89499.0,89505.3,89437.1,89437.1,20.273
1769105580,89437.1,89500.9,89437.1,89488.9,10.967
1769105640,89488.9,89488.9,89418.3,89418.3,16.582
1769105700,89418.3,89574.0,89416.3,89548.2,25.753
1769105760,89548.2,89650.0,89548.2,89622.6,76.537
1769105820,89622.6,89645.9,89600.0,89613.7,29.307
1769105880,89613.7,89631.0,89600.0,89616.0,25.989
1769105940,89616.0,89699.9,89591.0,89677.9,81.216
1769106000,89677.9,89677.9,89600.7,89665.3,93.51
1769106060,89665.3,89749.0,89665.3,89724.4,107.214
1769106120,89724.4,89724.5,89672.7,89706.1,22.513
1769106180,89706.1,89706.1,89583.2,89585.0,130.427
1769106240,89585.0,89593.0,89538.4,89546.5,176.925
1769106300,89546.5,89551.9,89495.1,89501.9,34.579
1769106360,89501.9,89517.9,89480.6,89509.7,23.463
1769106420,89509.7,89572.1,89503.1,89563.8,20.363
1769106480,89563.8,89572.3,89541.5,89562.0,19.014
1769106540,89562.0,89586.3,89559.1,89572.6,14.892
1769106600,89572.6,89655.0,89543.4,89648.9,75.568
1769106660,89648.9,89704.1,89648.9,89664.8,20.994
1769106720,89664.8,89683.3,89620.7,89683.3,17.382
1769106780,89683.3,89729.9,89673.3,89683.0,18.179
1769106840,89683.0,89693.9,89657.1,89671.9,9.146
1769106900,89671.9,89677.1,89560.4,89560.5,50.889
1769106960,89560.5,89650.5,89549.0,89621.4,21.444
1769107020,89621.4,89626.8,89542.4,89603.6,25.16
1769107080,89603.6,89661.5,89549.8,89615.5,83.507
1769107140,89615.5,89700.6,89591.2,89677.5,40.543
1769107200,89677.5,89718.1,89658.6,89681.5,67.623
1769107260,89681.5,89708.2,89656.5,89687.5,32.558
1769107320,89687.5,89709.4,89660.8,89701.5,44.149
1769107380,89701.5,89701.5,89640.0,89650.5,16.338
1769107440,89650.5,89650.5,89615.9,89619.8,10.965
1769107500,89619.8,89646.5,89560.0,89646.5,30.572
1769107560,89646.5,89678.3,89617.3,89617.3,35.556
1769107620,89617.3,89617.3,89529.5,89529.5,12.049
1769107680,89529.5,89543.9,89486.0,89529.9,53.865
1769107740,89529.9,89563.5,89524.1,89544.9,11.269
1769107800,89544.9,89547.9,89390.1,89419.7,26.758
1769107860,89419.7,89426.1,89338.2,89365.0,92.937
1769107920,89365.0,89417.1,89349.0,89388.2,34.784
1769107980,89388.2,89405.9,89305.1,89311.0,35.417
1769108040,89311.0,89374.2,89311.0,89369.9,17.768
1769108100,89369.9,89385.8,89336.0,89351.2,10.137
1769108160,89351.2,89351.2,89305.1,89307.8,15.643
1769108220,89307.8,89307.8,89253.0,89284.4,54.658
1769108280,89284.4,89297.3,89259.7,89265.1,30.338
1769108340,89265.1,89303.4,89265.1,89295.5,23.491
1769108400,89295.5,89322.5,89229.9,89230.0,43.577
1769108460,89230.0,89234.3,89102.8,89114.2,140.511
1769108520,89114.2,89166.8,89062.4,89166.8,55.041
1769108580,89166.8,89166.8,89088.5,89131.8,35.006
1769108640,89131.8,89217.3,89130.2,89167.4,38.268
1769108700,89167.4,89310.3,89167.4,89305.4,47.332
1769108760,89305.4,89316.3,89252.2,89253.0,30.281
1769108820,89253.0,89278.3,89205.1,89228.2,12.997
1769108880,89228.2,89286.4,89217.0,89269.7,37.378
1769108940,89269.7,89377.0,89251.0,89376.9,42.999
1769109000,89376.9,89428.1,89329.9,89372.9,27.23
1769109060,89372.9,89404.5,89363.8,89386.1,14.006
1769109120,89386.1,89398.6,89364.3,89370.8,16.784
1769109180,89370.8,89428.7,89361.4,89404.6,10.921
1769109240,89404.6,89404.7,89344.9,89357.8,10.149
1769109300,89357.8,89359.3,89304.3,89342.4,14.529
1769109360,89342.4,89350.0,89296.2,89342.4,6.708
1769109420,89342.4,89342.4,89275.8,89320.1,26.139
1769109480,89320.1,89343.9,89275.1,89275.1,9.121
1769109540,89275.1,89364.0,89258.2,89364.0,16.119
1769109600,89364.0,89414.3,89364.0,89367.2,19.572
1769109660,89367.2,89379.1,89322.5,89376.6,12.392
1769109720,89376.6,89379.4,89300.0,89303.1,22.64
1769109780,89303.1,89429.8,89302.3,89429.8,69.589
1769109840,89429.8,89537.6,89429.8,89500.6,35.868
1769109900,89500.6,89538.5,89500.0,89513.0,40.941
1769109960,89513.0,89538.8,89437.2,89465.6,16.37
1769110020,89465.6,89467.9,89412.3,89443.4,25.237
1769110080,89443.4,89469.9,89430.4,89447.8,15.084
1769110140,89447.8,89463.5,89447.5,89463.5,3.267
1769110200,89463.5,89481.9,89442.1,89460.1,13.608
1769110260,89460.1,89584.2,89455.5,89507.1,36.135
1769110320,89507.1,89584.7,89507.0,89571.3,11.977
1769110380,89571.3,89620.0,89553.2,89570.7,21.557
1769110440,89570.7,89629.3,89570.6,89626.8,21.802
1769110500,89626.8,89661.0,89612.4,89624.0,25.76
1769110560,89624.0,89662.9,89623.3,89633.2,16.279
1769110620,89633.2,89694.7,89624.3,89691.9,41.988
1769110680,89691.9,89821.9,89687.5,89791.3,300.28
1769110740,89791.3,89822.0,89775.7,89796.0,183.443
1769110800,89796.0,89820.8,89761.3,89801.2,110.9
1769110860,89801.2,89843.0,89788.4,89815.6,44.553
1769110920,89815.6,89815.6,89753.2,89774.9,48.486
1769110980,89774.9,89815.6,89740.8,89744.1,37.031
1769111040,89744.1,89803.7,89737.8,89791.3,19.66
1769111100,89791.3,89800.0,89775.0,89783.5,58.428
1769111160,89783.5,89883.9,89783.5,89828.8,79.378
1769111220,89828.8,89828.9,89690.3,89713.5,68.355
1769111280,89713.5,89713.6,89593.2,89600.4,158.711
1769111340,89600.4,89656.4,89600.0,89624.2,47.693
1769111400,89624.2,89694.1,89624.2,89675.2,17.682
1769111460,89675.2,89747.9,89675.2,89739.9,21.143
1769111520,89739.9,89820.0,89738.8,89768.9,346.555
1769111580,89768.9,89816.4,89756.2,89779.2,128.756
1769111640,89779.2,89850.0,89750.0,89834.2,321.027
1769111700,89834.2,89836.3,89811.0,89833.1,34.207
1769111760,89833.1,89833.2,89757.2,89757.2,29.761
1769111820,89757.2,89768.6,89739.1,89767.7,22.065
1769111880,89767.7,89769.4,89743.8,89767.7,41.512
1769111940,89767.7,89797.1,89730.9,89730.9,58.625
1769112000,89730.9,89732.5,89650.0,89680.7,90.848
1769112060,89680.7,89780.1,89680.6,89739.8,78.999
1769112120,89739.8,89782.7,89722.6,89757.5,10.106
1769112180,89757.5,89817.5,89749.8,89760.1,74.785
1769112240,89760.1,89773.7,89692.6,89758.5,64.075
1769112300,89758.5,89810.2,89758.5,89807.2,46.923
1769112360,89807.2,89825.4,89676.8,89681.1,25.421
1769112420,89681.1,89746.3,89650.0,89743.2,33.396
1769112480,89743.2,89766.5,89731.2,89759.8,28.769
1769112540,89759.8,89822.0,89757.3,89822.0,57.017
1769112600,89822.0,89828.7,89798.9,89799.0,27.266
1769112660,89799.0,89847.0,89799.0,89809.6,36.66
1769112720,89809.6,89881.9,89809.6,89866.7,32.006
1769112780,89866.7,89866.8,89788.3,89808.9,106.903
1769112840,89808.9,89900.0,89808.8,89886.0,70.515
1769112900,89886.0,89909.2,89848.7,89864.8,48.951
1769112960,89864.8,89906.3,89851.8,89906.3,16.925
1769113020,89906.3,89909.2,89835.1,89835.1,13.918
1769113080,89835.1,89844.2,89776.4,89816.9,20.515
1769113140,89816.9,89868.3,89816.9,89839.5,13.383
1769113200,89839.5,89886.5,89839.5,89885.2,10.809
1769113260,89885.2,89885.2,89773.6,89773.7,8.056
1769113320,89773.7,89773.7,89700.0,89720.0,47.928
1769113380,89720.0,89720.0,89665.0,89688.9,19.248
1769113440,89688.9,89703.4,89647.1,89647.1,34.105
1769113500,89647.1,89653.3,89606.6,89619.2,29.024
1769113560,89619.2,89640.1,89600.0,89609.8,12.555
1769113620,89609.8,89609.8,89520.6,89542.1,91.675
1769113680,89542.1,89558.2,89541.3,89558.2,17.199
1769113740,89558.2,89562.2,89528.0,89528.0,11.687
1769113800,89528.0,89528.0,89421.4,89472.0,56.888
1769113860,89472.0,89609.9,89472.0,89609.9,34.68
1769113920,89609.9,89678.8,89609.9,89637.3,45.476
1769113980,89637.3,89671.8,89594.1,89600.7,17.756
1769114040,89600.7,89627.4,89592.4,89608.0,11.587
1769114100,89608.0,89627.5,89582.6,89616.5,20.11
1769114160,89616.5,89642.6,89600.0,89600.0,6.923
1769114220,89600.0,89600.0,89440.0,89454.1,32.977
1769114280,89454.1,89524.6,89442.4,89511.1,30.722
1769114340,89511.1,89579.1,89511.1,89551.9,8.249
1769114400,89551.9,89583.8,89437.2,89437.2,36.727
1769114460,89437.2,89452.8,89427.5,89451.0,13.183
1769114520,89451.0,89453.4,89431.6,89441.0,30.429
1769114580,89441.0,89479.6,89425.1,89441.5,15.776
1769114640,89441.5,89481.4,89427.5,89468.9,6.807
1769114700,89468.9,89517.4,89468.9,89489.4,21.939
1769114760,89489.4,89502.7,89437.4,89455.8,36.025
1769114820,89455.8,89498.9,89443.5,89474.1,7.197
1769114880,89474.1,89483.9,89464.4,89464.4,5.446
1769114940,89464.4,89506.4,89464.4,89500.0,13.323
1769115000,89500.0,89514.6,89451.9,89452.0,6.127
1769115060,89452.0,89470.0,89430.5,89452.3,18.583
1769115120,89452.3,89460.9,89421.4,89449.9,15.909
1769115180,89449.9,89469.2,89437.7,89439.4,29.678
1769115240,89439.4,89445.1,89385.9,89426.0,131.35
1769115300,89426.0,89461.7,89399.9,89400.0,141.618
1769115360,89400.0,89420.0,89388.0,89416.5,72.391
1769115420,89416.5,89453.7,89415.2,89448.9,38.812
1769115480,89448.9,89448.9,89396.9,89425.2,28.675
1769115540,89425.2,89429.6,89346.2,89371.2,65.285
1769115600,89371.2,89557.3,89371.2,89557.1,42.861
1769115660,89557.1,89560.0,89498.7,89503.1,15.135
1769115720,89503.1,89525.4,89489.5,89508.4,12.837
1769115780,89508.4,89543.2,89432.4,89457.5,14.762
1769115840,89457.5,89457.5,89326.8,89341.7,31.93
1769115900,89341.7,89425.0,89341.7,89395.4,24.598
1769115960,89395.4,89416.0,89386.3,89388.9,22.946
1769116020,89388.9,89500.0,89388.9,89456.7,30.301
1769116080,89456.7,89515.4,89451.3,89503.1,14.802
1769116140,89503.1,89539.4,89503.1,89535.0,14.445
1769116200,89535.0,89601.3,89535.0,89565.4,45.304
1769116260,89565.4,89576.4,89543.9,89554.5,17.262
1769116320,89554.5,89554.5,89515.8,89517.6,15.698
1769116380,89517.6,89517.6,89504.2,89504.3,3.034
1769116440,89504.3,89504.3,89491.6,89504.3,10.083
1769116500,89504.3,89575.5,89504.3,89553.3,21.116
1769116560,89553.3,89553.3,89515.4,89520.4,19.425
1769116620,89520.4,89614.0,89520.4,89586.8,18.382
1769116680,89586.8,89586.9,89515.3,89542.9,24.819
1769116740,89542.9,89599.9,89542.9,89598.5,8.881
1769116800,89598.5,89608.0,89569.3,89569.4,13.042
1769116860,89569.4,89602.1,89569.4,89598.7,4.297
1769116920,89598.7,89634.9,89591.9,89605.4,16.296
1769116980,89605.4,89605.4,89583.6,89596.5,13.131
1769117040,89596.5,89610.9,89583.7,89584.3,6.413
1769117100,89584.3,89584.3,89575.2,89584.2,3.03
1769117160,89584.2,89584.3,89548.1,89548.2,17.28
1769117220,89548.2,89559.9,89548.1,89559.9,2.772
1769117280,89559.9,89590.0,89559.9,89567.8,10.047
1769117340,89567.8,89567.8,89526.7,89534.0,16.008
1769117400,89534.0,89572.9,89468.5,89480.1,20.018
1769117460,89480.1,89510.7,89471.1,89507.9,5.072
1769117520,89507.9,89508.0,89464.4,89502.9,7.569
1769117580,89502.9,89522.1,89482.3,89502.1,6.601
1769117640,89502.1,89516.4,89496.8,89499.9,4.951
1769117700,89499.9,89524.7,89492.5,89492.6,6.065
1769117760,89492.6,89492.7,89492.5,89492.5,2.263
1769117820,89492.5,89509.4,89492.5,89501.1,8.815
1769117880,89501.1,89513.4,89497.0,89513.3,5.939
1769117940,89513.3,89513.4,89463.8,89463.8,6.675
1769118000,89463.8,89486.9,89458.8,89480.6,15.987
1769118060,89480.6,89480.7,89426.7,89439.3,9.636
1769118120,89439.3,89483.4,89439.3,89465.5,7.593
1769118180,89465.5,89465.5,89409.0,89409.4,9.921
1769118240,89409.4,89409.5,89344.8,89344.9,22.649
1769118300,89344.9,89344.9,89226.0,89226.0,172.617
1769118360,89226.0,89285.7,89222.0,89279.9,40.515
1769118420,89279.9,89293.9,89256.4,89286.2,38.725
1769118480,89286.2,89350.0,89272.7,89349.9,30.394
1769118540,89349.9,89349.9,89302.8,89307.3,14.28
1769118600,89307.3,89348.1,89294.3,89294.3,23.292
1769118660,89294.3,89311.8,89274.0,89311.8,7.919
1769118720,89311.8,89343.0,89311.7,89331.1,13.842
1769118780,89331.1,89331.1,89312.0,89330.9,4.093
1769118840,89330.9,89338.2,89291.0,89338.2,46.608
1769118900,89338.2,89348.7,89321.2,89334.5,37.675
1769118960,89334.5,89349.6,89334.0,89338.5,8.586
1769119020,89338.5,89338.6,89268.5,89268.6,16.04
1769119080,89268.6,89275.7,89202.2,89233.3,36.749
1769119140,89233.3,89251.6,89206.2,89226.8,32.132
1769119200,89226.8,89237.6,89214.0,89221.6,9.442
1769119260,89221.6,89240.6,89201.5,89205.3,30.933
1769119320,89205.3,89210.5,89104.0,89161.9,148.78
1769119380,89161.9,89186.5,89159.4,89182.7,42.706
1769119440,89182.7,89212.9,89163.8,89211.9,46.327
1769119500,89211.9,89243.6,89176.0,89180.9,45.217
1769119560,89180.9,89235.3,89180.9,89235.3,19.658
1769119620,89235.3,89315.3,89235.2,89267.8,52.132
1769119680,89267.8,89271.8,89243.7,89253.4,10.533
1769119740,89253.4,89274.7,89253.3,89270.0,25.468
1769119800,89270.0,89280.1,89247.8,89272.9,15.339
1769119860,89272.9,89273.8,89261.2,89264.3,16.859
1769119920,89264.3,89306.5,89264.3,89306.5,7.362
1769119980,89306.5,89545.5,89306.5,89481.9,139.496
1769120040,89481.9,89488.1,89450.0,89450.1,18.513
1769120100,89450.1,89494.8,89450.0,89455.5,8.814
1769120160,89455.5,89455.6,89396.3,89401.8,26.353
1769120220,89401.8,89414.2,89334.1,89334.1,16.947
1769120280,89334.1,89361.5,89315.6,89323.6,18.21
1769120340,89323.6,89336.4,89318.1,89322.3,6.443
1769120400,89322.3,89355.1,89322.3,89341.7,11.449
1769120460,89341.7,89373.4,89341.6,89368.9,9.0
1769120520,89368.9,89380.2,89357.8,89363.7,11.341
1769120580,89363.7,89365.0,89363.6,89364.9,2.27
1769120640,89364.9,89365.0,89364.9,89365.0,1.537
1769120700,89365.0,89397.0,89334.8,89334.8,16.635
1769120760,89334.8,89432.6,89334.8,89394.7,11.916
1769120820,89394.7,89461.4,89392.9,89450.0,21.845
1769120880,89450.0,89450.1,89401.0,89413.5,12.96
1769120940,89413.5,89413.5,89370.1,89372.3,6.938
1769121000,89372.3,89386.8,89362.2,89386.0,6.057
1769121060,89386.0,89386.0,89262.6,89290.9,16.374
1769121120,89290.9,89293.8,89281.8,89293.7,4.017
1769121180,89293.7,89293.7,89248.2,89254.3,15.446
1769121240,89254.3,89254.4,89213.0,89213.0,12.365
1769121300,89213.0,89242.4,89204.6,89226.8,17.034
1769121360,89226.8,89265.3,89226.8,89252.9,8.402
1769121420,89252.9,89252.9,89206.4,89239.4,46.66
1769121480,89239.4,89245.8,89206.2,89206.2,9.088
1769121540,89206.2,89209.7,89196.7,89196.8,11.174
1769121600,89196.8,89225.3,89196.7,89223.7,10.611
1769121660,89223.7,89223.7,89128.3,89167.7,27.397
1769121720,89167.7,89238.4,89167.7,89216.0,15.623
1769121780,89216.0,89243.1,89215.5,89215.5,16.648
1769121840,89215.5,89249.0,89214.9,89224.2,10.935
1769121900,89224.2,89340.2,89224.2,89295.0,55.658
1769121960,89295.0,89298.1,89235.3,89298.1,10.895
1769122020,89298.1,89308.7,89231.1,89248.7,27.635
1769122080,89248.7,89324.5,89248.7,89324.5,7.673
1769122140,89324.5,89324.5,89262.6,89304.0,43.497
1769122200,89304.0,89312.4,89257.8,89298.8,30.556
1769122260,89298.8,89317.7,89298.8,89317.7,3.987
1769122320,89317.7,89321.4,89317.7,89320.9,5.427
1769122380,89320.9,89321.0,89314.7,89321.0,5.928
1769122440,89321.0,89341.8,89320.9,89332.9,4.331
1769122500,89332.9,89332.9,89318.4,89320.0,5.184
1769122560,89320.0,89341.6,89275.6,89275.6,7.763
1769122620,89275.6,89303.5,89262.1,89289.0,7.929
1769122680,89289.0,89314.8,89287.7,89314.7,3.488
1769122740,89314.7,89343.4,89302.4,89302.4,8.808
1769122800,89302.4,89346.1,89203.4,89203.4,50.28
1769122860,89203.4,89212.3,89133.2,89204.7,35.926
1769122920,89204.7,89204.7,89121.1,89137.2,39.334
1769122980,89137.2,89167.4,89130.7,89138.6,26.557
1769123040,89138.6,89168.9,89131.3,89139.4,17.431
1769123100,89139.4,89179.6,89130.5,89138.2,28.898
1769123160,89138.2,89159.4,89121.0,89142.1,27.774
1769123220,89142.1,89173.2,89140.2,89173.1,7.582
1769123280,89173.1,89225.0,89173.1,89217.7,16.239
1769123340,89217.7,89248.1,89217.6,89240.2,15.755
1769123400,89240.2,89240.2,89175.0,89180.3,30.513
1769123460,89180.3,89215.5,89180.3,89196.0,12.677
1769123520,89196.0,89251.6,89187.7,89220.1,22.143
1769123580,89220.1,89264.0,89220.1,89264.0,21.256
1769123640,89264.0,89267.9,89233.5,89261.1,7.695
1769123700,89261.1,89263.4,89259.4,89259.5,9.379
1769123760,89259.5,89297.3,89245.0,89297.2,8.531
1769123820,89297.2,89332.5,89297.2,89327.7,9.979
1769123880,89327.7,89368.4,89327.6,89332.1,20.412
1769123940,89332.1,89332.1,89289.8,89298.6,15.889
1769124000,89298.6,89357.8,89298.6,89352.6,11.531
1769124060,89352.6,89379.5,89352.5,89379.5,12.157
1769124120,89379.5,89389.7,89340.2,89346.4,12.664
1769124180,89346.4,89373.2,89346.4,89373.2,6.658
1769124240,89373.2,89398.8,89362.3,89398.7,13.668
1769124300,89398.7,89421.4,89381.6,89395.0,15.036
1769124360,89395.0,89480.2,89395.0,89453.9,28.032
1769124420,89453.9,89453.9,89404.5,89414.9,18.579
1769124480,89414.9,89416.8,89365.8,89388.5,8.732
1769124540,89388.5,89403.1,89388.5,89393.2,2.877
1769124600,89393.2,89399.5,89362.2,89362.3,6.526
1769124660,89362.3,89397.0,89362.3,89392.4,5.999
1769124720,89392.4,89392.5,89364.9,89381.6,4.41
1769124780,89381.6,89478.9,89381.5,89478.9,9.318
1769124840,89478.9,89569.6,89464.4,89530.0,219.874
1769124900,89530.0,89530.0,89484.4,89496.1,39.162
1769124960,89496.1,89496.9,89480.0,89490.8,11.787
1769125020,89490.8,89533.0,89490.8,89505.9,37.179
1769125080,89505.9,89505.9,89473.4,89486.9,13.621
1769125140,89486.9,89500.3,89465.5,89468.9,12.78
1769125200,89468.9,89481.3,89448.3,89451.1,11.285
1769125260,89451.1,89451.1,89425.9,89441.4,9.78
1769125320,89441.4,89457.9,89425.8,89451.3,7.326
1769125380,89451.3,89451.3,89444.9,89444.9,5.419
1769125440,89444.9,89473.1,89444.9,89459.1,5.777
1769125500,89459.1,89490.7,89455.6,89490.7,6.678
1769125560,89490.7,89504.9,89484.3,89484.3,4.013
1769125620,89484.3,89484.4,89463.6,89463.7,3.395
1769125680,89463.7,89483.6,89463.7,89483.6,2.696
1769125740,89483.6,89508.6,89483.6,89508.5,4.886
1769125800,89508.5,89508.6,89473.4,89482.4,14.359
1769125860,89482.4,89519.4,89462.0,89462.0,22.273
1769125920,89462.0,89494.2,89462.0,89488.7,4.145
1769125980,89488.7,89513.2,89488.7,89491.5,3.204
1769126040,89491.5,89491.5,89490.4,89490.5,2.737
1769126100,89490.5,89493.6,89460.0,89491.5,15.261
1769126160,89491.5,89512.2,89488.6,89512.2,1.999
1769126220,89512.2,89515.4,89493.2,89515.4,11.992
1769126280,89515.4,89517.7,89515.3,89517.7,2.678
1769126340,89517.7,89517.7,89491.5,89511.7,7.743
